member_casual,count,mean,median,min,max
casual,1994811,19.13,11.38,0.0007666666666666667,1439.97595
member,3552569,11.95,8.58,0.0013,1439.9016833333333
